model_arch,encoder,loss_type,data_augmentation,lr,weight_decay,train_loss,iou_score,dice_score
unet,resnet34,dice,True,0.01,0.0,0.26618759870529174,0.34006959199905396,0.3978302776813507
unet,resnet34,dice,True,0.01,0.001,0.26670706272125244,0.34006959199905396,0.3978302776813507
deeplabv3plus,resnet34,dice,True,0.01,0.0,0.24003610610961915,0.5924897789955139,0.7290959358215332
deeplabv3plus,resnet34,dice,True,0.01,0.001,0.25519452095031736,0.5215614438056946,0.6703700423240662
pspnet,resnet34,dice,True,0.01,0.0,0.2660675859451294,0.34006959199905396,0.3978302776813507
pspnet,resnet34,dice,True,0.01,0.001,0.26664469003677366,0.34006959199905396,0.3978302776813507
manet,resnet34,dice,True,0.01,0.0,0.24417487621307374,0.5840838551521301,0.7022569179534912
manet,resnet34,dice,True,0.01,0.001,0.2667902207374573,0.34006959199905396,0.3978302776813507
unet,resnet34,cross_entropy,True,0.01,0.0,0.5574611485004425,0.6092702746391296,0.742142915725708
unet,resnet34,cross_entropy,True,0.01,0.001,0.590874764919281,0.3425072729587555,0.4031476676464081
deeplabv3plus,resnet34,cross_entropy,True,0.01,0.0,0.567447817325592,0.5936882495880127,0.7304006814956665
deeplabv3plus,resnet34,cross_entropy,True,0.01,0.001,0.5831274461746215,0.5879923105239868,0.7256280779838562
pspnet,resnet34,cross_entropy,True,0.01,0.0,0.5853019738197327,0.6112947463989258,0.7383579015731812
pspnet,resnet34,cross_entropy,True,0.01,0.001,0.5937173533439636,0.570889949798584,0.7093453407287598
manet,resnet34,cross_entropy,True,0.01,0.0,0.5784606838226318,0.5059811472892761,0.6478016376495361
manet,resnet34,cross_entropy,True,0.01,0.001,0.5721462774276733,0.34006959199905396,0.3978302776813507
unet,resnet34,dice,True,0.001,0.0,0.1094687819480896,0.7462632060050964,0.8325058817863464
unet,resnet34,dice,True,0.001,0.001,0.14469749689102174,0.6058492064476013,0.6934234499931335
deeplabv3plus,resnet34,dice,True,0.001,0.0,0.1063055419921875,0.745414674282074,0.8277508616447449
deeplabv3plus,resnet34,dice,True,0.001,0.001,0.16895345687866212,0.6748382449150085,0.780834972858429
pspnet,resnet34,dice,True,0.001,0.0,0.0882858920097351,0.7880827188491821,0.8582130670547485
pspnet,resnet34,dice,True,0.001,0.001,0.13777024745941163,0.6323253512382507,0.7049427032470703
manet,resnet34,dice,True,0.001,0.0,0.12058855056762695,0.7309612035751343,0.8214571475982666
manet,resnet34,dice,True,0.001,0.001,0.14917216777801515,0.6058992147445679,0.7140546441078186
unet,resnet34,cross_entropy,True,0.001,0.0,0.254771466255188,0.8095827102661133,0.8746482133865356
unet,resnet34,cross_entropy,True,0.001,0.001,0.32194111227989197,0.78350830078125,0.8578189015388489
deeplabv3plus,resnet34,cross_entropy,True,0.001,0.0,0.32068956196308135,0.7578150033950806,0.843210756778717
deeplabv3plus,resnet34,cross_entropy,True,0.001,0.001,0.34721085071563723,0.7306211590766907,0.8288241624832153
pspnet,resnet34,cross_entropy,True,0.001,0.0,0.2481188803911209,0.7626035213470459,0.8388276100158691
pspnet,resnet34,cross_entropy,True,0.001,0.001,0.23696610152721406,0.7937923669815063,0.8655205368995667
manet,resnet34,cross_entropy,True,0.001,0.0,0.27289824426174164,0.7495810985565186,0.8291298151016235
manet,resnet34,cross_entropy,True,0.001,0.001,0.2988549786806107,0.7225215435028076,0.81084805727005
unet,resnet34,dice,True,0.0001,0.0,0.06852924108505248,0.850388765335083,0.9051318168640137
unet,resnet34,dice,True,0.0001,0.001,0.07219527006149291,0.8435544967651367,0.901044487953186
deeplabv3plus,resnet34,dice,True,0.0001,0.0,0.0697213077545166,0.8446295261383057,0.8980309963226318
deeplabv3plus,resnet34,dice,True,0.0001,0.001,0.07837149143218994,0.8347582817077637,0.8924780488014221
pspnet,resnet34,dice,True,0.0001,0.0,0.08341556549072265,0.8011561632156372,0.8692205548286438
pspnet,resnet34,dice,True,0.0001,0.001,0.08554265260696411,0.8014674782752991,0.8659859299659729
manet,resnet34,dice,True,0.0001,0.0,0.07805735349655152,0.8517842292785645,0.9023536443710327
manet,resnet34,dice,True,0.0001,0.001,0.08009741067886353,0.831678032875061,0.89304518699646
unet,resnet34,cross_entropy,True,0.0001,0.0,0.15071321189403533,0.8518520593643188,0.9060667157173157
unet,resnet34,cross_entropy,True,0.0001,0.001,0.15500116229057312,0.8507449626922607,0.9067435264587402
deeplabv3plus,resnet34,cross_entropy,True,0.0001,0.0,0.16559011578559876,0.836951732635498,0.8960530161857605
deeplabv3plus,resnet34,cross_entropy,True,0.0001,0.001,0.1611500573158264,0.8514933586120605,0.9030769467353821
pspnet,resnet34,cross_entropy,True,0.0001,0.0,0.21330124378204346,0.8091117739677429,0.8766239881515503
pspnet,resnet34,cross_entropy,True,0.0001,0.001,0.21279817163944245,0.804145336151123,0.8684869408607483
manet,resnet34,cross_entropy,True,0.0001,0.0,0.1594653993844986,0.8483803868293762,0.9038885235786438
manet,resnet34,cross_entropy,True,0.0001,0.001,0.17371366858482362,0.8447093963623047,0.9002524018287659
unet,efficientnet-b0,dice,True,0.01,0.0,0.11379231691360474,0.7241367101669312,0.8204398155212402
unet,efficientnet-b0,dice,True,0.01,0.001,0.20285574197769166,0.36314254999160767,0.44061148166656494
deeplabv3plus,efficientnet-b0,dice,True,0.01,0.0,0.14065751075744629,0.61228346824646,0.7038125395774841
deeplabv3plus,efficientnet-b0,dice,True,0.01,0.001,0.23646671056747437,0.45124009251594543,0.5919410586357117
pspnet,efficientnet-b0,dice,True,0.01,0.0,0.2661565709114075,0.34006959199905396,0.3978302776813507
pspnet,efficientnet-b0,dice,True,0.01,0.001,0.26761266469955447,0.34006959199905396,0.3978302776813507
manet,efficientnet-b0,dice,True,0.01,0.0,0.13479276180267333,0.6584679484367371,0.7675309181213379
manet,efficientnet-b0,dice,True,0.01,0.001,0.26460048437118533,0.34006959199905396,0.3978302776813507
unet,efficientnet-b0,cross_entropy,True,0.01,0.0,0.2778033483028412,0.5959444642066956,0.7188096642494202
unet,efficientnet-b0,cross_entropy,True,0.01,0.001,0.4804313313961029,0.4777798354625702,0.6089191436767578
deeplabv3plus,efficientnet-b0,cross_entropy,True,0.01,0.0,0.34005330622196195,0.7478307485580444,0.8351117968559265
deeplabv3plus,efficientnet-b0,cross_entropy,True,0.01,0.001,0.4690965485572815,0.34006959199905396,0.3978302776813507
pspnet,efficientnet-b0,cross_entropy,True,0.01,0.0,0.31460403084754945,0.7731927037239075,0.8557494878768921
pspnet,efficientnet-b0,cross_entropy,True,0.01,0.001,0.42738160967826844,0.34006959199905396,0.3978302776813507
manet,efficientnet-b0,cross_entropy,True,0.01,0.0,0.35687110424041746,0.5516175031661987,0.6868689060211182
manet,efficientnet-b0,cross_entropy,True,0.01,0.001,0.5022221636772156,0.3376955986022949,0.3986443281173706
unet,efficientnet-b0,dice,True,0.001,0.0,0.05590677738189697,0.8423985242843628,0.9011178612709045
unet,efficientnet-b0,dice,True,0.001,0.001,0.10197095155715942,0.35487109422683716,0.41687172651290894
deeplabv3plus,efficientnet-b0,dice,True,0.001,0.0,0.06806151151657104,0.8523988127708435,0.9033671021461487
deeplabv3plus,efficientnet-b0,dice,True,0.001,0.001,0.10309256792068482,0.34006959199905396,0.3978302776813507
pspnet,efficientnet-b0,dice,True,0.001,0.0,0.26462886333465574,0.34006959199905396,0.3978302776813507
pspnet,efficientnet-b0,dice,True,0.001,0.001,0.26568471670150756,0.34006959199905396,0.3978302776813507
manet,efficientnet-b0,dice,True,0.001,0.0,0.07201486825942993,0.8210378885269165,0.8866643309593201
manet,efficientnet-b0,dice,True,0.001,0.001,0.11273842811584472,0.34006959199905396,0.3978302776813507
unet,efficientnet-b0,cross_entropy,True,0.001,0.0,0.15345219314098357,0.852057933807373,0.9034819006919861
unet,efficientnet-b0,cross_entropy,True,0.001,0.001,0.2691510432958603,0.6445847749710083,0.7237482666969299
deeplabv3plus,efficientnet-b0,cross_entropy,True,0.001,0.0,0.15212375342845916,0.8437931537628174,0.900380551815033
deeplabv3plus,efficientnet-b0,cross_entropy,True,0.001,0.001,0.22233551144599914,0.6271353363990784,0.7134578824043274
pspnet,efficientnet-b0,cross_entropy,True,0.001,0.0,0.3040509682893753,0.7633799314498901,0.8411169648170471
pspnet,efficientnet-b0,cross_entropy,True,0.001,0.001,0.2995107913017273,0.7347462177276611,0.7904907464981079
manet,efficientnet-b0,cross_entropy,True,0.001,0.0,0.18020283699035644,0.8066543340682983,0.8745906949043274
manet,efficientnet-b0,cross_entropy,True,0.001,0.001,0.2626073557138443,0.6057963967323303,0.6896436214447021
unet,efficientnet-b0,dice,True,0.0001,0.0,0.08255911827087402,0.8542181849479675,0.903994083404541
unet,efficientnet-b0,dice,True,0.0001,0.001,0.09108768463134766,0.8272565007209778,0.8867028951644897
deeplabv3plus,efficientnet-b0,dice,True,0.0001,0.0,0.10940942287445068,0.7702575325965881,0.8309669494628906
deeplabv3plus,efficientnet-b0,dice,True,0.0001,0.001,0.11540797710418702,0.7593970894813538,0.8176082372665405
pspnet,efficientnet-b0,dice,True,0.0001,0.0,0.26798960447311404,0.34006959199905396,0.3978302776813507
pspnet,efficientnet-b0,dice,True,0.0001,0.001,0.26600630521774293,0.34006959199905396,0.3978302776813507
manet,efficientnet-b0,dice,True,0.0001,0.0,0.09650838613510132,0.85111403465271,0.901832103729248
manet,efficientnet-b0,dice,True,0.0001,0.001,0.1039696455001831,0.8079357147216797,0.8759586811065674
unet,efficientnet-b0,cross_entropy,True,0.0001,0.0,0.17029607892036439,0.8580995202064514,0.9077873229980469
unet,efficientnet-b0,cross_entropy,True,0.0001,0.001,0.17377391278743745,0.8443998098373413,0.8931669592857361
deeplabv3plus,efficientnet-b0,cross_entropy,True,0.0001,0.0,0.2428841596841812,0.788349986076355,0.8573058843612671
deeplabv3plus,efficientnet-b0,cross_entropy,True,0.0001,0.001,0.2508921653032303,0.8054304718971252,0.8627529740333557
pspnet,efficientnet-b0,cross_entropy,True,0.0001,0.0,0.39001205801963806,0.711326003074646,0.8062270879745483
pspnet,efficientnet-b0,cross_entropy,True,0.0001,0.001,0.39774559378623964,0.7029553651809692,0.8003768920898438
manet,efficientnet-b0,cross_entropy,True,0.0001,0.0,0.2056822782754898,0.8390141129493713,0.8885068297386169
manet,efficientnet-b0,cross_entropy,True,0.0001,0.001,0.2143217730522156,0.8402149677276611,0.8956598043441772
unet,resnet34,dice,False,0.01,0.0,0.15563159704208374,0.5552793741226196,0.6900800466537476
unet,resnet34,dice,False,0.01,0.001,0.18610816955566406,0.34006959199905396,0.3978302776813507
deeplabv3plus,resnet34,dice,False,0.01,0.0,0.1311646842956543,0.586868405342102,0.7237759232521057
deeplabv3plus,resnet34,dice,False,0.01,0.001,0.16419851541519165,0.5375950336456299,0.6840678453445435
pspnet,resnet34,dice,False,0.01,0.0,0.18559309244155883,0.34006959199905396,0.3978302776813507
pspnet,resnet34,dice,False,0.01,0.001,0.1853214359283447,0.34006959199905396,0.3978302776813507
manet,resnet34,dice,False,0.01,0.0,0.143572199344635,0.603873074054718,0.7434028387069702
manet,resnet34,dice,False,0.01,0.001,0.18601428747177123,0.34006959199905396,0.3978302776813507
unet,resnet34,cross_entropy,False,0.01,0.0,0.40930482029914855,0.6352499723434448,0.7605299353599548
unet,resnet34,cross_entropy,False,0.01,0.001,0.4625562834739685,0.4208948314189911,0.5213605761528015
deeplabv3plus,resnet34,cross_entropy,False,0.01,0.0,0.4137910521030426,0.6236094832420349,0.7555325031280518
deeplabv3plus,resnet34,cross_entropy,False,0.01,0.001,0.4655140197277069,0.5194073915481567,0.6678100824356079
pspnet,resnet34,cross_entropy,False,0.01,0.0,0.3875288450717926,0.6501041650772095,0.7587118744850159
pspnet,resnet34,cross_entropy,False,0.01,0.001,0.43896570801734924,0.573708713054657,0.6991592645645142
manet,resnet34,cross_entropy,False,0.01,0.0,0.41802124500274657,0.581343412399292,0.7123687863349915
manet,resnet34,cross_entropy,False,0.01,0.001,0.46260401487350467,0.34006959199905396,0.3978302776813507
unet,resnet34,dice,False,0.001,0.0,0.03249110460281372,0.8062111139297485,0.8771468997001648
unet,resnet34,dice,False,0.001,0.001,0.07081251382827759,0.6892685890197754,0.7896897792816162
deeplabv3plus,resnet34,dice,False,0.001,0.0,0.034537067413330076,0.7924798727035522,0.8720988631248474
deeplabv3plus,resnet34,dice,False,0.001,0.001,0.08403082370758057,0.5527095198631287,0.6863458156585693
pspnet,resnet34,dice,False,0.001,0.0,0.023003075122833252,0.8073614239692688,0.8791006207466125
pspnet,resnet34,dice,False,0.001,0.001,0.05374840497970581,0.6859157085418701,0.7856593132019043
manet,resnet34,dice,False,0.001,0.0,0.03580554485321045,0.7638916969299316,0.851410448551178
manet,resnet34,dice,False,0.001,0.001,0.10158246994018555,0.6705962419509888,0.7845533490180969
unet,resnet34,cross_entropy,False,0.001,0.0,0.13013404995203018,0.777732789516449,0.863053560256958
unet,resnet34,cross_entropy,False,0.001,0.001,0.13185980767011643,0.7336035370826721,0.8300744891166687
deeplabv3plus,resnet34,cross_entropy,False,0.001,0.0,0.08389622941613198,0.7944063544273376,0.8757319450378418
deeplabv3plus,resnet34,cross_entropy,False,0.001,0.001,0.15396770477294922,0.7814992070198059,0.863945722579956
pspnet,resnet34,cross_entropy,False,0.001,0.0,0.0551882404088974,0.7969045042991638,0.8751571774482727
pspnet,resnet34,cross_entropy,False,0.001,0.001,0.14112525820732116,0.7809184789657593,0.8477513194084167
manet,resnet34,cross_entropy,False,0.001,0.0,0.09193452388048172,0.7735832929611206,0.8464961051940918
manet,resnet34,cross_entropy,False,0.001,0.001,0.14373187631368636,0.7136416435241699,0.8142002820968628
unet,resnet34,dice,False,0.0001,0.0,0.043468544483184816,0.8453588485717773,0.9054086208343506
unet,resnet34,dice,False,0.0001,0.001,0.04402268409729004,0.8508588075637817,0.9082143306732178
deeplabv3plus,resnet34,dice,False,0.0001,0.0,0.040402662754058835,0.8411521911621094,0.9002895355224609
deeplabv3plus,resnet34,dice,False,0.0001,0.001,0.046748735904693604,0.8221211433410645,0.8909507989883423
pspnet,resnet34,dice,False,0.0001,0.0,0.033193202018737794,0.7987542152404785,0.8697201013565063
pspnet,resnet34,dice,False,0.0001,0.001,0.03643797159194946,0.8040316700935364,0.8772237300872803
manet,resnet34,dice,False,0.0001,0.0,0.045987074375152585,0.8408951759338379,0.9020330905914307
manet,resnet34,dice,False,0.0001,0.001,0.051937487125396725,0.8488719463348389,0.9050860404968262
unet,resnet34,cross_entropy,False,0.0001,0.0,0.07836709976196289,0.8438018560409546,0.905201256275177
unet,resnet34,cross_entropy,False,0.0001,0.001,0.07914996981620788,0.8610321283340454,0.9137513041496277
deeplabv3plus,resnet34,cross_entropy,False,0.0001,0.0,0.09431549817323685,0.8373774290084839,0.8993683457374573
deeplabv3plus,resnet34,cross_entropy,False,0.0001,0.001,0.09715152502059937,0.8413782119750977,0.9018530249595642
pspnet,resnet34,cross_entropy,False,0.0001,0.0,0.09109470188617706,0.8072891235351562,0.8775129914283752
pspnet,resnet34,cross_entropy,False,0.0001,0.001,0.09322652965784073,0.7948571443557739,0.8678380846977234
manet,resnet34,cross_entropy,False,0.0001,0.0,0.08174417942762374,0.8356277942657471,0.8979190587997437
manet,resnet34,cross_entropy,False,0.0001,0.001,0.10304192423820496,0.8536760210990906,0.9090936183929443
unet,efficientnet-b0,dice,False,0.01,0.0,0.06715069770812988,0.7197929620742798,0.8214660882949829
unet,efficientnet-b0,dice,False,0.01,0.001,0.12757774591445922,0.34006959199905396,0.3978302776813507
deeplabv3plus,efficientnet-b0,dice,False,0.01,0.0,0.051860306262969974,0.7390763759613037,0.8349306583404541
deeplabv3plus,efficientnet-b0,dice,False,0.01,0.001,0.14420011281967163,0.34006959199905396,0.3978302776813507
pspnet,efficientnet-b0,dice,False,0.01,0.0,0.18579036474227906,0.34006959199905396,0.3978302776813507
pspnet,efficientnet-b0,dice,False,0.01,0.001,0.1855190324783325,0.34006959199905396,0.3978302776813507
manet,efficientnet-b0,dice,False,0.01,0.0,0.06075439691543579,0.7361623644828796,0.8290325999259949
manet,efficientnet-b0,dice,False,0.01,0.001,0.18634666681289672,0.34006959199905396,0.3978302776813507
unet,efficientnet-b0,cross_entropy,False,0.01,0.0,0.12511493474245072,0.7723848819732666,0.8564009070396423
unet,efficientnet-b0,cross_entropy,False,0.01,0.001,0.3505555129051208,0.34006959199905396,0.3978302776813507
deeplabv3plus,efficientnet-b0,cross_entropy,False,0.01,0.0,0.16090960592031478,0.7300074100494385,0.8246090412139893
deeplabv3plus,efficientnet-b0,cross_entropy,False,0.01,0.001,0.3630657684803009,0.34006959199905396,0.3978302776813507
pspnet,efficientnet-b0,cross_entropy,False,0.01,0.0,0.15562475174665452,0.7486221790313721,0.841092050075531
pspnet,efficientnet-b0,cross_entropy,False,0.01,0.001,0.26560250043869016,0.34006959199905396,0.3978302776813507
manet,efficientnet-b0,cross_entropy,False,0.01,0.0,0.15011734813451766,0.7170153856277466,0.8140999674797058
manet,efficientnet-b0,cross_entropy,False,0.01,0.001,0.34175678372383117,0.34011605381965637,0.397940993309021
unet,efficientnet-b0,dice,False,0.001,0.0,0.024649596214294432,0.8428936004638672,0.9027600288391113
unet,efficientnet-b0,dice,False,0.001,0.001,0.048139264583587645,0.3406085968017578,0.39876845479011536
deeplabv3plus,efficientnet-b0,dice,False,0.001,0.0,0.02982635498046875,0.8307737708091736,0.893625020980835
deeplabv3plus,efficientnet-b0,dice,False,0.001,0.001,0.052711427211761475,0.3428283631801605,0.4028526544570923
pspnet,efficientnet-b0,dice,False,0.001,0.0,0.18572843790054322,0.34006959199905396,0.3978302776813507
pspnet,efficientnet-b0,dice,False,0.001,0.001,0.18533827543258666,0.34006959199905396,0.3978302776813507
manet,efficientnet-b0,dice,False,0.001,0.0,0.031522538661956784,0.8489672541618347,0.9037420153617859
manet,efficientnet-b0,dice,False,0.001,0.001,0.05082780838012695,0.34006959199905396,0.3978302776813507
unet,efficientnet-b0,cross_entropy,False,0.001,0.0,0.08618231803178787,0.8435773849487305,0.9046849012374878
unet,efficientnet-b0,cross_entropy,False,0.001,0.001,0.13055554926395416,0.34006959199905396,0.3978302776813507
deeplabv3plus,efficientnet-b0,cross_entropy,False,0.001,0.0,0.0846586298942566,0.8594658374786377,0.9128230214118958
deeplabv3plus,efficientnet-b0,cross_entropy,False,0.001,0.001,0.12040238469839096,0.34009623527526855,0.3979254961013794
pspnet,efficientnet-b0,cross_entropy,False,0.001,0.0,0.14255621582269667,0.7630032300949097,0.8470851182937622
pspnet,efficientnet-b0,cross_entropy,False,0.001,0.001,0.13414564609527588,0.5715206861495972,0.6548631191253662
manet,efficientnet-b0,cross_entropy,False,0.001,0.0,0.08135421857237816,0.7992549538612366,0.8704551458358765
manet,efficientnet-b0,cross_entropy,False,0.001,0.001,0.1241642963886261,0.34086185693740845,0.39840278029441833
unet,efficientnet-b0,dice,False,0.0001,0.0,0.049975314140319825,0.8516124486923218,0.9020988345146179
unet,efficientnet-b0,dice,False,0.0001,0.001,0.062440335750579834,0.780897855758667,0.8564412593841553
deeplabv3plus,efficientnet-b0,dice,False,0.0001,0.0,0.07472113132476807,0.7725119590759277,0.8359623551368713
deeplabv3plus,efficientnet-b0,dice,False,0.0001,0.001,0.08026129484176636,0.6560778021812439,0.7389880418777466
pspnet,efficientnet-b0,dice,False,0.0001,0.0,0.18559540748596193,0.34006959199905396,0.3978302776813507
pspnet,efficientnet-b0,dice,False,0.0001,0.001,0.18571397066116332,0.34006959199905396,0.3978302776813507
manet,efficientnet-b0,dice,False,0.0001,0.0,0.060566751956939696,0.8183419108390808,0.8847628831863403
manet,efficientnet-b0,dice,False,0.0001,0.001,0.06400414705276489,0.7837704420089722,0.8593361377716064
unet,efficientnet-b0,cross_entropy,False,0.0001,0.0,0.10006593614816665,0.8607804775238037,0.912580132484436
unet,efficientnet-b0,cross_entropy,False,0.0001,0.001,0.1011037227511406,0.8390518426895142,0.8990488648414612
deeplabv3plus,efficientnet-b0,cross_entropy,False,0.0001,0.0,0.16849661469459534,0.785646915435791,0.8526526093482971
deeplabv3plus,efficientnet-b0,cross_entropy,False,0.0001,0.001,0.16690548717975617,0.7507908344268799,0.8272274136543274
pspnet,efficientnet-b0,cross_entropy,False,0.0001,0.0,0.26682711601257325,0.7712676525115967,0.8526008725166321
pspnet,efficientnet-b0,cross_entropy,False,0.0001,0.001,0.2825358772277832,0.751883864402771,0.8402288556098938
manet,efficientnet-b0,cross_entropy,False,0.0001,0.0,0.10599377512931824,0.8290367126464844,0.8898711204528809
manet,efficientnet-b0,cross_entropy,False,0.0001,0.001,0.10138162612915039,0.8224048614501953,0.8887372016906738
